{
  "vehicles": [
    {
      "id": 1,
      "profile": "auto",
      "speed_factor": 0.85,
      "description": "Тест test 4352345",
      "end": [
        23.995624083835,
        49.838378062233
      ],
      "capacity": [
        4,
        3
      ],
      "time_window": [
        86400,
        172800
      ],
      "costs": {
        "fixed": 100000
      }
    },
    {
      "id": 3,
      "profile": "auto",
      "speed_factor": 0.85,
      "description": "Mercedes-Benz Vito Tourer RJA75582",
      "end": [
        23.995624083835,
        49.838378062233
      ],
      "capacity": [
        5,
        17
      ],
      "time_window": [
        86400,
        172800
      ],
      "costs": {
        "fixed": 100000
      }
    }
  ],
  "shipments": [
    {
      "pickup": {
        "id": 15,
        "location": [
          25.343597,
          50.766658
        ],
        "service": 0,
        "description": "[sanitized-pickup-15]",
        "time_windows": [
          [
            140100,
            140700
          ]
        ]
      },
      "delivery": {
        "id": 15,
        "location": [
          23.995624083835,
          49.838378062233
        ],
        "service": 60,
        "time_windows": [
          [
            144000,
            153000
          ]
        ]
      },
      "amount": [
        5,
        0
      ],
      "priority": 100
    },
    {
      "pickup": {
        "id": 8,
        "location": [
          25.36148615739134,
          50.76822492758018
        ],
        "service": 0,
        "description": "[sanitized-pickup-8]",
        "time_windows": [
          [
            139500,
            140100
          ]
        ]
      },
      "delivery": {
        "id": 8,
        "location": [
          23.995624083835,
          49.838378062233
        ],
        "service": 60,
        "time_windows": [
          [
            144000,
            153000
          ]
        ]
      },
      "amount": [
        1,
        0
      ],
      "priority": 100
    },
    {
      "pickup": {
        "id": 9,
        "location": [
          25.35231182305148,
          50.74339414293888
        ],
        "service": 0,
        "description": "[sanitized-pickup-9]",
        "time_windows": [
          [
            129600,
            153000
          ]
        ]
      },
      "delivery": {
        "id": 9,
        "location": [
          23.995624083835,
          49.838378062233
        ],
        "service": 60,
        "time_windows": [
          [
            144000,
            153000
          ]
        ]
      },
      "amount": [
        1,
        0
      ],
      "priority": 10
    },
    {
      "pickup": {
        "id": 10,
        "location": [
          25.337500334626412,
          50.743944725780494
        ],
        "service": 0,
        "description": "[sanitized-pickup-10]",
        "time_windows": [
          [
            129600,
            153000
          ]
        ]
      },
      "delivery": {
        "id": 10,
        "location": [
          23.995624083835,
          49.838378062233
        ],
        "service": 60,
        "time_windows": [
          [
            144000,
            153000
          ]
        ]
      },
      "amount": [
        1,
        0
      ],
      "priority": 50
    },
    {
      "pickup": {
        "id": 14,
        "location": [
          23.49431839786419,
          49.34490110805987
        ],
        "service": 0,
        "description": "[sanitized-pickup-14]",
        "time_windows": [
          [
            129600,
            153000
          ]
        ]
      },
      "delivery": {
        "id": 14,
        "location": [
          23.995624083835,
          49.838378062233
        ],
        "service": 60,
        "time_windows": [
          [
            144000,
            153000
          ]
        ]
      },
      "amount": [
        1,
        0
      ],
      "priority": 10
    }
  ],
  "options": {
    "g": true
  }
}